UserID	CogNameObjectName	PictureLarge	PictureThumbnail	Location	City	7 N/A	Country	BusinessType	MeaningOrigin	Tags	Website	Likes	OwnAdmire
2	Barnet Associates LLC	ImageCogNameObjects/2/2__fullsize_20120212225349.jpg	ImageCogNameObjects/2/2__thumb_20120212225349.jpg	Connecticut	(null)	State	(null)	Consulting	(null)	technology	www.BarnetAssociates.com	0	(null)
3	Petit Robert Bistro	(null)	(null)	Boston, MA	(null)	State	(null)	Restaurant	(null)	Causal, French, Bistro, Fondue	(null)	0	(null)
3	Pawsh Dog Boutique & Salon	(null)	(null)	Back Bay (Boston, MA)	(null)	State	(null)	Pet Store	(null)	Boutique, salon, pets, dogs, dog food, dog grooming, pet grooming	www.pawshboston.com/	0	(null)
3	Gloucester Street Cigar Co.	(null)	(null)	Back Bay (Boston, MA)	(null)	State	(null)	Tobacco Shop	(null)	Cigars, Cigar Shop, Smoke Shop	(null)	0	(null)
3	Fenway Garden Society	(null)	(null)	Back Bay (Boston, MA)	(null)	State	(null)	Association	(null)	Victory Garden, World War II, Historic, Gardens, Flowers	www.fenwayvictorygardens.com/	0	(null)
3	Anthony Pino Salon	(null)	(null)	Back Bay	Boston	State	United States	Beauty Salon	(null)	Hair, Spa, Beauty, Personal Care, Salon	www.facebook.com/pages/Anthony-Pino-Salon/116328145054199	0	Admired
3	Soodee	(null)	(null)	Back Bay (Boston, MA)	(null)	State	(null)	Clothing Store	(null)	Boutique, Clothing Store, Women’s Clothing, Formal Wear, Dress Shop	soodee.com/	0	(null)
3	Sonsie Restaurant	(null)	(null)	Back Bay (Boston, MA)	(null)	State	(null)	Restaurant	(null)	Pizza, Restaurant, Bar, International, Wine	sonsieboston.com/ 	0	(null)
3	Emack & Bolio's Ice Cream	(null)	(null)	Boston, MA	(null)	State	(null)	Ice Cream Shop	(null)	Ice Cream, Dessert	www.emackandbolios.com/	0	(null)
3	Fat Tony's Sports	(null)	(null)	Back Bay (Boston, MA)	(null)	State	(null)	Sportswear	(null)	Sportswear, Apparel, Retail Store, Sporting Goods, Jerseys, Fitted Caps, Hats	www.fat-tonys.com/	0	(null)
3	The Hempest	(null)	(null)	Boston, MA (Multiple Locations)	(null)	State	(null)	Clothing Store	(null)	Clothing Store, Organic, Hemp, Smoke Shop	store.hempest.com/catalog/	0	(null)
3	Back Bay Hardware	(null)	(null)	Back Bay	Boston	State	United States	Hardware Store	(null)	Hardware Store, Home Improvement, Plumbing, Paint, Electrical, Key Duplication, Light Bulbs, House Supplies	www.backbayhardware.com/	0	Admired
3	Jean's Dressmaking	(null)	(null)	Back Bay (Boston, MA)	(null)	State	(null)	Dressmaker	(null)	Clothing Store, Boutique, Women’s Clothing, Formal Wear, Dress Shop	(null)	0	(null)
3	Brass Monkey	(null)	(null)	Meatpacking District (New York, NY)	(null)	State	(null)	Restaurant/Bar	(null)	Bar, Restaurant, Comfort Food, Craft Beer	brassmonkeynyc.com/	1	(null)
3	Ossining Hardware	(null)	(null)	Ossining, NY	(null)	State	(null)	Hardware Store	(null)	Hardware Store, Home Improvement, Plumbing, Paint, Electrical, Key Duplication, Light Bulbs, House Supplies	(null)	1	(null)
3	Haberman Hardware Corporation	(null)	(null)	Holyoke, MA	(null)	State	(null)	Hardware Store	(null)	Hardware Store, Home Improvement, Plumbing, Paint, Electrical, Key Duplication, Light Bulbs, House Supplies	(null)	0	(null)
3	Back Bay Bicycles	(null)	(null)	Back Bay	Boston	State	United States	Bicycle Shop	(null)	Sporting Goods, Bicycles, Retail, Equipment Rental, Bike, Transportation, Travel	backbaybicycles.com/	0	Admired
3	The Tennis & Racquet Club	(null)	(null)	Back Bay (Boston, MA)	(null)	State	(null)	Athletic Club	(null)	Athletic Club, Sports Club, Tennis, Racquetball, Squash, Social Club	www.tandr.org/index.html	0	(null)
3	b.good	(null)	(null)	(null)	(Multiple Locations)	State	United States	Restaurant	(null)	Fast Food, Restaurant, Local, Turkey, Burgers, Salad, Milkshakes	www.bgood.com/index.php	0	Admired
3	Daisy Buchanan's	(null)	(null)	Back Bay (Boston, MA)	(null)	State	(null)	Restaurant/Bar	(null)	Restaurant, Bar, Pub, Alist	www.daisybuchanansboston.com/	0	(null)
3	Stephanie's on Newbury	(null)	(null)	Boston, MA (Multiple Locations)	(null)	State	(null)	Restaurant/Bar	(null)	Restaurant, Bar, Comfort Food, Sophisticated	stephaniesonnewbury.com/about.html	0	(null)
3	L'elite	(null)	(null)	Back Bay (Boston, MA)	(null)	State	(null)	Bridal Shop	(null)	Bridal Shop, Boutique, Women's Clothing, Special Occasions, Atelier, Accessories, Shoes	www.lelite.com/intro/	0	(null)
3	Collen IP	(null)	(null)	Ossining, NY	(null)	State	(null)	Law Firm	(null)	Law, Intellectual Property, Trademark, Patent, Brands, Branding, Protection, 	collenip.com/	0	(null)
3	COGNAME.com	/ImageCogNameObjects/3/3_1_fullsize_20130104084927.gif	(null)	(null)	Boston	State	United States	Website	A fusion of 'cognate' and 'name'	Website, Database, Names, Naming, Protection, Social Media	www.cogname.com/	1	Owned
3	The Rising Loafer	(null)	(null)	Bay Area, CA	(null)	State	(null)	Restaurant	(null)	Café, Bakery, Restaurant, Breakfast, Catering	www.risingloaferpleasanton.com/Site/Welcome.html	0	(null)
3	The Hop Yard	(null)	(null)	Pleasanton, CA	(null)	State	(null)	Restaurant/Bar	(null)	Restaurant, Bar, Microbrew, Microbrewery, Alehouse, Grill, American	www.hopyard.com/	0	(null)
3	Juan More Taco	(null)	(null)	Fremont, CA	(null)	State	(null)	Restaurant	(null)	Restaurant, Taqueria, Tacos, Mexican	(null)	0	(null)
3	Every Dog Has its Day Care	(null)	(null)	Emeryville, CA	(null)	State	(null)	Pet Daycare	(null)	Pets, Daycare, Boarding, Pet Sitting, Dogs	www.everydog.com/	0	(null)
3	Pans on Fire	(null)	(null)	Pleasanton, CA	(null)	State	(null)	Cookware, Cooking School	(null)	Cookware, Cooking School, Appliances, Cutlery, Cooking Classes, Events	www.pansonfire.com/index.html	0	(null)
3	Know Knew Books	(null)	(null)	Palo Alto, CA	(null)	State	(null)	Book Store	(null)	Used Books, Book Store	knowknewbooks.com/	0	(null)
3	Hour Place	(null)	(null)	Capitola, CA	(null)	State	(null)	Clock Store	(null)	Clocks, Music Boxes, Novelties, Watches	www.hourplace.com/store/index.php	0	(null)
3	Mangy Moose	(null)	(null)	Jackson Hole, WY	(null)	State	(null)	Restaurant/Bar	(null)	Restaurant, Bar, American, Saloon, Live Band, Music	mangymoose.com/	0	(null)
3	Chantilly Ice Cream	(null)	(null)	202 Park Avenue, Laguna Beach, CA  92651	(null)	State	(null)	Ice Cream Shop	(null)	Ice Cream, Frozen, Desserts	(null)	0	(null)
3	Anything Canine	(null)	(null)	357 S. Coast Highway	Laguna Beach	State	United States	Pet Store	(null)	Pets, salon, boutique, dogs, grooming, spa, pet supplies	www.anythingcanine.com/	0	Admired
3	Watermarc Restaurant	(null)	(null)	448 S. Coast Highway, Laguna Beach, CA  92651	(null)	State	(null)	Restaurant	(null)	American, tapas, restaurant, dining, wine, cocktails	www.watermarcrestaurant.com/	0	(null)
3	C.L. Benton & Sons	(null)	(null)	706 38th Ave. N. Myrtle Beach, SC 29577	(null)	State	(null)	Contractor	(null)	contractor, construction	www.clbenton.com/	0	(null)
3	Cagney's Old Place	(null)	(null)	9911 N. Kings Hwy. Myrtle Beach, SC 29572	(null)	State	(null)	Restaurant	(null)	restaurant, steakhouse, bar	www.cagneysoldplace.com/	0	(null)
3	Dargan Construction Co., Inc.	(null)	(null)	900 8th Ave. N. Myrtle Beach, SC 29577	(null)	State	(null)	Contractor	(null)	contractor, construction	www.darganconstruction.com/	0	(null)
3	Hussey Motor Co., Inc.	(null)	(null)	702 Alder Street Myrtle Beach, SC 29577	(null)	State	(null)	Automotive Repair	(null)	automotive repair, garage, maintenance, mechanics, towing	www.husseymotors.com/	0	(null)
3	Indigo Inn	(null)	(null)	Myrtle Beach and Charleston, SC	(null)	State	(null)	Hotel/Motel	(null)	hotel, motel, lodging, luxury	www.indigoinn.com/	0	(null)
3	Law Offices of N. David DuRant & Associates, PA	(null)	(null)	1801 Glenns Bay Road Surfside Beach, SC 29587	(null)	State	(null)	Law Firm	(null)	law firm, lawyers		0	(null)
3	Court Capri Motel	(null)	(null)	2610 N. Ocean Blvd. Myrtle Beach, SC 29577	(null)	State	(null)	Hotel/Motel	(null)	hotel, motel, family, lodging	www.courtcapri.com/	0	(null)
3	Grand Atlantic Ocean Resort	(null)	(null)	2007 S. Ocean Blvd. Myrtle Beach, SC 29577	(null)	State	(null)	Hotel	(null)	hotel, resort, lodging, golf	www.grandatlanticresort.com/	0	(null)
3	Beachwood Golf Club	(null)	(null)	1520 Hwy. 17 S. 	North Myrtle Beach	State	United States	Golf Course	(null)	golf, club	beachwoodgolf.com/	0	Admired
3	Boardwalk Beach Resort	(null)	(null)	2301 N. Ocean Blvd. Myrtle Beach, SC 29577	(null)	State	(null)	Hotel	(null)	hotel, resort, lodging, golf	www.boardwalkresort.com/	0	(null)
3	Lakewood Camping Resort	(null)	(null)	5901 S. Kings Hwy. Myrtle Beach, SC 29575	(null)	State	(null)	Campground	(null)	campground, camping, resort, RV, park	www.lakewoodcampground.com/	0	(null)
3	Roxanne Towers	(null)	(null)	1604 N. Ocean Blvd. Myrtle Beach, SC 29577	(null)	State	(null)	Hotel	(null)	hotel, lodging, rental, suites, golf	www.roxannetowers.com/	0	(null)
3	Camelot by the Sea	(null)	(null)	2000 N. Ocean Blvd. Myrtle Beach, SC 29577	(null)	State	(null)	Hotel	(null)	hotel, resort	www.camelotresort.com/	0	(null)
3	Compass Cove	(null)	(null)	2311 S. Ocean Blvd. Myrtle Beach, SC 29577	(null)	State	(null)	Hotel	(null)	hotel, resort, lodging, golf	www.compasscove.com/	0	(null)
3	Sea Dip Motel and Condominiums	(null)	(null)	2608 N. Ocean Blvd. Myrtle Beach, SC 29577	(null)	State	(null)	Hotel/Motel	(null)	motel, hotel, condominiums, lodging, golf	www.seadip.com/	0	(null)
3	Sea Mist Oceanfront Resort	(null)	(null)	1200 S. Ocean Blvd. Myrtle Beach, SC 29577	(null)	State	(null)	Hotel	(null)	hotel, resort, lodging	www.myrtlebeachseamist.com/	0	(null)
3	Better Brands, Inc.	(null)	(null)	908 Jackson St. Myrtle Beach, SC 29577	(null)	State	(null)	Beverage Distribution	(null)	beverage, distribution	www.budbeach.com/	0	(null)
3	Coastal Engravers	(null)	(null)	227 Main St. North Myrtle Beach, SC 29597	(null)	State	(null)	Engraver	(null)	engraver, plaques, trophies, signs	www.coastalengraversinc.com/	0	(null)
3	Dayton House Oceanfront Resort	(null)	(null)	2400 N. Ocean Blvd. Myrtle Beach, SC 29577	(null)	State	(null)	Hotel	(null)	hotel, resort, lodging, golf	www.daytonhouse.com/	0	(null)
3	Strand Orthopaedic Consultants	(null)	(null)	210 Village Center Blvd., # 200 Myrtle Beach, SC 29579	(null)	State	(null)	Orthopedics 	(null)	orthopedics, surgeon, consultant, sports medicine	strandorthopaedic.com/	0	(null)
3	Carney's Steamway	(null)	(null)	413 14th Ave. N. Surfside Beach, SC 29575	(null)	State	(null)	Pest Control	(null)	pest control, exterminator 	(null)	0	(null)
3	Forest Dunes Resort	(null)	(null)	5511 N. Ocean Blvd. Myrtle Beach, SC 29577	(null)	State	(null)	Hotel	(null)	hotel, resort, lodging	www.forestdunes.com/	0	(null)
3	Garden City Realty Vacation Rentals and Sales	(null)	(null)	608 Atlantic Ave. Garden City, SC 29576	(null)	State	(null)	Realty	(null)	realty, realtor, rentals	www.gardencityrealty.com/	0	(null)
3	Dunes Realty Vacation Rentals	(null)	(null)	128 Atlantic Ave. Garden City, SC 29576	(null)	State	(null)	Realty	(null)	realty, realtors, rentals, real estate	www.dunes.com/	0	(null)
3	Hotel Blue	(null)	(null)	705 S. Ocean Blvd. Myrtle Beach, SC 29577	(null)	State	(null)	Hotel	(null)	hotel, lodging	www.hotelbluemb.com/	0	(null)
3	Island Vista	(null)	(null)	6000 N. Ocean Blvd. Myrtle Beach, SC 29577	(null)	State	(null)	Hotel	(null)	hotel, resort, lodging, golf	www.islandvista.com/	0	(null)
3	The Ocean Reef Resort	(null)	(null)	7100 North Ocean Blvd, Myrtle Beach, SC 29572	(null)	State	(null)	Hotel	(null)	hotel, resort, lodging	www.oceanreefmyrtlebeach.com/	0	(null)
3	Pelican Motel	(null)	(null)	2310 N. Ocean Blvd. North Myrtle Beach, SC 29582	(null)	State	(null)	Hotel/Motel	(null)	motel, hotel, lodging	www.pelicanmotel.com/	0	(null)
3	Riptide Beach Club	(null)	(null)	2806 N. Ocean Blvd. Myrtle Beach, SC 29577	(null)	State	(null)	Hotel	(null)	hotel, condominiums, condos, rentals	www.riptidebeachclubs.com/	0	(null)
3	St. John's Inn	(null)	(null)	6803 N. Ocean Blvd. Myrtle Beach, SC 29572	(null)	State	(null)	Hotel	(null)	hotel, inn, lodging, golf	www.stjohnsinn.com/	0	(null)
3	Tyson Sign Company	(null)	(null)	2487 Hwy. 501 E. Conway, SC 29526	(null)	State	(null)	Signs	(null)	signs	www.tysonsign.com/	0	(null)
3	The Driftwood Lodge	(null)	(null)	1600 N. Ocean Blvd. Myrtle Beach, SC 29577	(null)	State	(null)	Hotel	(null)	hotel, lodge, resort, lodging, golf	www.driftwoodlodge.com/	0	(null)
3	Gay Dolphin	(null)	(null)	916 N. Ocean Blvd. Myrtle Beach, SC 29577	(null)	State	(null)	Gift Shop	(null)	gift, shop, souvenirs	www.gaydolphin.com/	0	(null)
3	The Long Bay Resort	(null)	(null)	7200 N. Ocean Blvd. Myrtle Beach, SC 29572	(null)	State	(null)	Hotel	(null)	hotel, resort, lodging, golf	www.longbayresort.com/	0	(null)
3	Myrtle Beach Travel Park	(null)	(null)	10108 Kings Rd. Myrtle Beach, SC 29572	(null)	State	(null)	Campground	(null)	campground, RV, park, camping	www.myrtlebeachtravelpark.com/	0	(null)
3	Myrtlewood Golf Club	(null)	(null)	1500 48th Ave. Ext. N. Myrtle Beach, SC 29577	(null)	State	(null)	Golf Course	(null)	golf, club	www.myrtlewoodgolf.com/	0	(null)
3	Carolina Winds Resort	(null)	(null)	200 76th Ave. N. Myrtle Beach, SC 29572	(null)	State	(null)	Hotel	(null)	hotel, resort, lodging	www.carolinawinds.com/	0	(null)
3	Downwind Sails	(null)	(null)	2915 S. Ocean Blvd. Myrtle Beach, SC 29577	(null)	State	(null)	Watersports	(null)	sailing, jet skis, parasailing, watersports	www.downwindsailsmyrtlebeach.com/	0	(null)
3	Holiday Sands North	(null)	(null)	400 N. Ocean Blvd. Myrtle Beach, SC 29577	(null)	State	(null)	Hotel	(null)	hotel, resort, lodging, golf	www.holidaysandsnorth.com/	0	(null)
3	Condo Lux Condominiums	(null)	(null)	311 17th Ave. S. North Myrtle Beach, SC 29597	(null)	State	(null)	Realty	(null)	condominiums, condos, rentals, real estate, 	www.condolux.net/	0	(null)
3	Flamingo Grill	(null)	(null)	7100 N. Kings Hwy. Myrtle Beach, SC 29572	(null)	State	(null)	Restaurant	(null)	restaurant, food, seafood, american	www.flamingogrill.com/	0	(null)
3	Jonathan Harbour	(null)	(null)	2611 S. Ocean Blvd. Myrtle Beach, SC 29577	(null)	State	(null)	Hotel	(null)	hotel, lodging	www.jhoceanfront.com/	0	(null)
3	Myrtle Waves	(null)	(null)	3000 10th Ave. N. Myrtle Beach, SC 29577	(null)	State	(null)	Water Park	(null)	water park, water, amusement park	www.myrtlewaves.com/	0	(null)
3	Ocean Lakes	(null)	(null)	6001 S. Kings Hwy. Myrtle Beach, SC 29575	(null)	State	(null)	Campground	(null)	campground, RV, camping, lodging	oceanlakes.com/	0	(null)
3	The Palms Resort	(null)	(null)	2500 N. Ocean Blvd. Myrtle Beach, SC 29577	(null)	State	(null)	Hotel	(null)	hotel, resort, lodging	www.palmsresort.com/	0	(null)
3	Sunway Charters and Tours	(null)	(null)	212 Bush Dr. Myrtle Beach, SC 29579	(null)	State	(null)	Tours	(null)	tours, charters, trolleys	www.sunwaycharters.com/	0	(null)
3	Strand Supply	(null)	(null)	1337 Enterprise Ave. Myrtle Beach, SC 29577	(null)	State	(null)	Hospitality Supplies	(null)	hospitality, supplies, linens	www.strandsupplyinc.com/	0	(null)
3	Tropical Seas	(null)	(null)	2807 S. Ocean Blvd. Myrtle Beach, SC 29577	(null)	State	(null)	Hotel	(null)	hotel, lodging, golf	www.tropicalseashotel.com/	0	(null)
3	The Ocean Front Viking Motel	(null)	(null)	1811 S. Ocean Blvd. Myrtle Beach, SC 29577	(null)	State	(null)	Hotel/Motel	(null)	motel, hotel, lodging, golf	www.vikingmotel.com/	0	(null)
3	Water's Edge Resort	(null)	(null)	1012 N. Waccamaw Dr. Garden City, SC 29576	(null)	State	(null)	Hotel	(null)	hotel, resort, lodging	www.watersedgeresort.com/	0	(null)
3	PirateLand Family Camping Resort	(null)	(null)	5401 S. Kings Hwy. Myrtle Beach, SC 29575	(null)	State	(null)	Campground	(null)	campground, camping, lodging, resort, rentals	www.pirateland.com/	0	(null)
3	Polynesian Beach & Golf Resort	(null)	(null)	1001 S. Ocean Blvd. Myrtle Beach, SC 29577	(null)	State	(null)	Hotel	(null)	hotel, resort, lodging, golf	polynesian-resort.com/	0	(null)
3	Rice Museum	(null)	(null)	633 Front St. Georgetown, SC 29440	(null)	State	(null)	Museum	(null)	museum, rice, art	www.ricemuseum.org/	0	(null)
3	Sea Captain's House	(null)	(null)	3002 N. Ocean Blvd. Myrtle Beach, SC 29577	(null)	State	(null)	Restaurant	(null)	food, seafood, wine, dinner	www.seacaptains.com/	0	(null)
3	Grand Strand Water & Sewer Authority	(null)	(null)	166 Jackson Bluff Rd. Conway, SC 29526	(null)	State	(null)	Plumber	(null)	plumber, sewage, water, compost, turf	www.gswsa.com/	0	(null)
3	Greenwall Construction Service	(null)	(null)	5743 Peachtree Rd. Myrtle Beach, SC 29588	(null)	State	(null)	Contractor	(null)	contractor, construction, industrial	(null)	0	(null)
3	Garden City Pavilion Arcade	(null)	(null)	103 Atlantic Ave. Garden City, SC 29576	(null)	State	(null)	Arcade	(null)	arcade, games	(null)	0	(null)
3	Ocean Creek	(null)	(null)	10600 N. Kings Hwy. Myrtle Beach, SC 29572	(null)	State	(null)	Hotel	(null)	hotel, resort, lodging, golf	www.oceancreek.com/	0	(null)
3	Red Tree Inn	(null)	(null)	1415 S. Ocean Blvd. North Myrtle Beach, SC 29582	(null)	State	(null)	Hotel	(null)	hotel, inn, lodging, golf	www.redtreeinn.com/	0	(null)
3	Tire Town	(null)	(null)	306 N. Kings Hwy. Myrtle Beach, SC 29577	(null)	State	(null)	Tires	(null)	tires, automotive, batteries, brakes	tiretownsc.com/	0	(null)
3	Spann Roofing & Sheet Metal	(null)	(null)	459 Allied Dr. Conway, SC 29526	(null)	State	(null)	Roofer	(null)	roofer, roofing, sheet metal	www.spannroofing.com/	0	(null)
3	Cane Patch	(null)	(null)	7201 N. Kings Hwy. Myrtle Beach, SC 29572	(null)	State	(null)	Golf Course	(null)	golf, par 3, driving range	www.myrtlebeachfamilygolf.com/canepatch.aspx	0	(null)
3	Drunken Jack's	(null)	(null)	4031 Hwy. 17 Business Murrells Inlet, SC 29576	(null)	State	(null)	Restaurant/Bar	(null)	restaurant, bar, live, entertainment, drinks, wine	www.drunkenjacks.com/	0	(null)
3	Dunes Beach Home Rentals	(null)	(null)	13236 Ocean Hwy. N. Pawleys Island, SC 29585	(null)	State	(null)	Realty	(null)	rentals, beach, homes, realty, realtor	www.greatbeachvacations.com/	0	(null)
3	Elliott Beach Vacation Rentals	(null)	(null)	401 Sea Mountain Hwy. North Myrtle Beach, SC 29582	(null)	State	(null)	Realty	(null)	realty, realtor, rentals, beach, golf	www.northmyrtlebeachtravel.com/	0	(null)
3	Encore Video Productions	(null)	(null)	811 Main St. Myrtle Beach, SC 29577	(null)	State	(null)	Video Production	(null)	video, production, film, gear, crew	www.encorevideo.biz/	0	(null)
3	Mancill, Inc.	(null)	(null)	3201 Mr. Joe White Ave. Myrtle Beach, SC 29577	(null)	State	(null)	Electricians	(null)	electrical, plumbing, HVAC, contractor	www.mancill.net/	0	(null)
3	Ocean Plaza	(null)	(null)	1005 S. Ocean Blvd. Myrtle Beach, SC 29577	(null)	State	(null)	Hotel/Motel	(null)	hotel, motel, lodging	www.ocean-plaza.com/	0	(null)
3	PCW Appliance Service	(null)	(null)	1309 Hwy. 501 Myrtle Beach, SC 29577	(null)	State	(null)	Appliance Services	(null)	appliances, service, repairs	www.pcwappliances.com/	0	(null)
3	Rose Real Estate	(null)	(null)	897 Melody Ln. Surfside Beach, SC 29575	(null)	State	(null)	Realty	(null)	realty, realtors, rentals, real estate	www.rose-real-estate.com/	0	(null)
3	Surfside Realty	(null)	(null)	213 S. Ocean Blvd. Surfside Beach, SC 29575	(null)	State	(null)	Realty	(null)	realty, realtor, rentals	www.surfsiderealty.com/	0	(null)
3	Springmaid Beach	(null)	(null)	3200 S. Ocean Blvd. Myrtle Beach, SC 29577	(null)	State	(null)	Hotel	(null)	hotel, resort, lodging	www.springmaidbeach.com/	0	(null)
3	Waterway Hills	(null)	(null)	9731 Hwy. 17 N. Myrtle Beach, SC 29577	(null)	State	(null)	Golf Course	(null)	golf, golf club	(null)	0	(null)
3	Coastal Canine Dog Sports	(null)	(null)	3254 Holmestown Rd. Myrtle Beach, SC 29588 	(null)	State	(null)	Pet Training	(null)	pets, training, daycare, agility, dogs, therapy, obedience	www.coastalcaninedogsports.com/	0	(null)
3	Farlo's Burrito Bar	(null)	(null)	815 Main St. Myrtle Beach, SC 29577	(null)	State	(null)	Restaurant	(null)	restaurant, burritos, mexican	farlosburritobar.com/	0	(null)
3	Gordon Mooneyhan Photography	(null)	(null)	2100 Hwy. 15, #25 Myrtle Beach, SC 29577	(null)	State	(null)	Photographer	(null)	photography, fine art	gordon-mooneyhan.artistwebsites.com/	0	(null)
3	Huffman Helicopters	(null)	(null)	3000 S. Kings Hwy. Myrtle Beach, SC 29577	(null)	State	(null)	Hellicopter	(null)	helicopter, tours, flights, charters	www.huffmanhelicopters.com/	0	(null)
3	MAP Destinations	(null)	(null)	9622 N. Kings Hwy. Myrtle Beach, SC 29572	(null)	State	(null)	Concierge	(null)	concierge, travel agency	www.mapdestinationsonline.com/	0	(null)
3	Night Fever Retro Party Club	(null)	(null)	9714 N. Kings Hwy., Ste. 122 Myrtle Beach, SC 29572	(null)	State	(null)	Night Club	(null)	night club, bar	www.nightfevermb.com/	0	(null)
3	Prescription Golf	(null)	(null)	2100 Sea Mountain Hwy. North Myrtle Beach, SC 29582	(null)	State	(null)	Golf Travel	(null)	golf, travel, agents	www.golftravelinsider.com/	0	(null)
3	South Carolina Maritime Museum	(null)	(null)	729 Front St. Georgetown, SC 29440	(null)	State	(null)	Museum	(null)	museum, maritime, ocean	scmaritimemuseum.org/	0	(null)
3	The Spoiled Pet	(null)	(null)	3820 S. Kings Hwy. Myrtle Beach, SC 29577	(null)	State	(null)	Pet Supplies	(null)	pets, dogs, cats, fish, birds, supplies	www.thespoiledpet.com/	0	(null)
3	Surfside Storage Plus	(null)	(null)	1104 Spring St. Myrtle Beach, SC 29575	(null)	State	(null)	Storage	(null)	storage, UHaul, trucks, rentals	www.surfsidestorageplus.com/	0	(null)
3	Dusty's Ice Cream	(null)	(null)	Atlantic Ave. Westerly, RI 02891	(null)	State	(null)	Ice Cream Shop	(null)	ice cream, convenience	(null)	0	(null)
3	Griswold's Country Store	(null)	(null)	112 S Main St, Solon, ME 04979	(null)	State	(null)	Convenience Store	(null)	convenience, diner, gas, country	(null)	0	(null)
3	Eastern Avenue Auto Body	(null)	(null)	481 Eastern Avenue Chelsea, MA 02150	(null)	State	(null)	Automotive Repair	(null)	automotive, repair, auto body, collisions, painting	www.easternave.com/	0	(null)
3	Mr. Chick's Barber Shop	(null)	(null)	99 Summer Street Boston, MA 02110 	(null)	State	(null)	Barber Shop	(null)	barber, hair	(null)	0	(null)
3	Cape Cod Systems	(null)	(null)	25 Crestview Drive East Sandwich, MA 02537	(null)	State	(null)	Building Materials	(null)	building, materials, industrial	www.capecodsystemscompany.com/	0	(null)
3	Jules Catering	(null)	(null)	66 South Street, PO Box 360 Somerville, MA 02143	(null)	State	(null)	Caterer	(null)	caterer, event planning, weddings	www.julescatering.com/	0	(null)
3	Bakers' Best Catering	(null)	(null)	150 Gould Street	Needham	State	United States	Caterer	(null)	caterer, event planning, weddings	www.bakersbestcatering.com/	0	Admired
3	blu Restaurant	(null)	(null)	4 Avery Street Boston, MA 02111	(null)	State	(null)	Restaurant	(null)	restaurant, bar, caterer, events	www.blurestaurant.com/	0	(null)
3	Plaza Deli & Catering	(null)	(null)	Two Center Plaza Boston, MA 02108	(null)	State	(null)	Deli	(null)	caterer, deli, cafe, pizza	www.plazacateringdeli.com/	0	(null)
3	rebecca's café	(null)	(null)	99 South Bedford Street, Ste. 7 Burlington, MA 01803	(null)	State	(null)	Caterer	(null)	caterer, corporate	www.rebeccascafe.com/	0	(null)
3	Avellino's Restaurant	(null)	(null)	313 Mystic Avenue	Medford	State	United States	Restaurant	(null)	restaurant, caterer, pizza	www.goavellino.com/	0	Admired
3	Gourmet Caterers	(null)	(null)	3867 Washington Street, Boston, MA 02131	(null)	State	(null)	Caterer	(null)	caterer, event planning, weddings	www.gourmetcaterers.com/	0	(null)
3	University Wafer	(null)	(null)	66 N Street, Boston, MA 02127	(null)	State	(null)	Computer Equipment and Supplies	(null)	computers, equipment, supplies, silicon, wafers	www.universitywafer.com/	0	(null)
3	Roxbury Technology Corporation	(null)	(null)	75 Sprague Street Boston, MA 02136	(null)	State	(null)	Computer Equipment and Supplies	(null)	computers, equipment, supplies, recycled, technology	www.roxburytechnology.com/	0	(null)
3	Good Neighbor Concierge	(null)	(null)	P.O. Box 35852 Brighton, MA 02135	(null)	State	(null)	Concierge	(null)	concierge	www.goodneighborconcierge.com/	0	(null)
3	The CA Group	(null)	(null)	60 State Street, Flr. 7 Boston, MA 02109	(null)	State	(null)	Consulting	(null)	consulting, consultant, analysis, business, management	www.thecagroup.org/	0	(null)
3	The Business Development Group	(null)	(null)	43 Colonial Drive Mansfield, MA 02048	(null)	State	(null)	Consulting	(null)	consulting, business, development	www.businessdevgrp.com/	0	(null)
3	EXXEL	(null)	(null)	50 Lawrence Street, Unit C Boston, MA 02116	(null)	State	(null)	Consulting	(null)	consulting, business, development	www.exxelinc.com/	0	(null)
3	Centerpointe Coaching	(null)	(null)	101 Federal Street, Flr. 19 Boston, MA 02110	(null)	State	(null)	Consulting	(null)	consulting, business, executives, development	www.centerpointecoaching.com/	0	(null)
3	The Brennan Group	(null)	(null)	One Walnut Street, Flr. 2 Boston, MA 02108	(null)	State	(null)	Consulting	(null)	consulting, business, strategy, management	www.brennangroup.org/	0	(null)
3	Kinnen	(null)	(null)	48 Arapahoe Road Newton, MA 02465	(null)	State	(null)	Consulting	(null)	consulting	(null)	0	(null)
3	RCR Associates	(null)	(null)	Greater Boston Area, MA	(null)	State	(null)	Consulting	(null)	consulting, business	www.rcr-associates.com/	0	(null)
3	Bostonian Group	(null)	(null)	500 Boylston Street, Flr. 3 Boston, MA 02116	(null)	State	(null)	Consulting	(null)	consulting, solutions	www.bostoniangroup.com/	0	(null)
3	Nechama Katz Consulting	(null)	(null)	629 South Street, Boston, MA 02131	(null)	State	(null)	Consulting	(null)	consulting, nonprofit	(null)	0	(null)
3	Olmstead Associates	(null)	(null)	199 Wells Avenue, Ste. 209, Newton, MA 02459	(null)	State	(null)	Consulting	(null)	consulting, business, development	www.olmst.com/	0	(null)
3	Plazak Associates	(null)	(null)	18 Tremont Street, Ste. 1120, Boston, MA 02108	(null)	State	(null)	Consulting	(null)	consulting, business, development, management	www.plazak.com/	0	(null)
3	Catalytic Management	(null)	(null)	67 Edgehill Road, Stow, MA 01775	(null)	State	(null)	Consulting	(null)	consulting, management, training	www.catalyticmanagement.com/	0	(null)
3	Archetype Consulting	(null)	(null)	75 Arlington Street, Suite 500	Boston	State	United States	Consulting	(null)	consulting, solutions, management	www.archetypeconsulting.com/	0	Admired
3	Abt Associates	(null)	(null)	55 Wheeler Street	Cambridge	State	United States	Consulting	(null)	consulting, information, technology	www.abtassociates.com/	0	Admired
3	Farland Group	(null)	(null)	1 Broadway, 14th Flr. Cambridge, MA 02142	(null)	State	(null)	Consulting	(null)	consulting, advisors	www.farlandgroup.com/	0	(null)
3	Meta Greenberg Business Communication	(null)	(null)	404 Waltham Street, West Newton, MA 02465	(null)	State	(null)	Consulting	(null)	consulting, communications	www.metagreenberg.com/	0	(null)
3	Neuhaus Publishing	(null)	(null)	2 Winter Street, Ste. 402 Waltham, MA 02451	(null)	State	(null)	Consulting	(null)	consulting, publishing	www.neuhauspublishing.com/	0	(null)
3	Peregrine Energy Group	(null)	(null)	45 School Street, Boston, MA 02108	(null)	State	(null)	Consulting	(null)	consulting, energy	www.peregrinegroup.com/	0	(null)
3	EnerNOC	(null)	(null)	101 Federal Street, Ste. 1100, Boston, MA 02110	(null)	State	(null)	Consulting	(null)	consulting, energy	www.enernoc.com/	0	(null)
3	Protobrand Sciences	(null)	(null)	560 Harrison Avenue, Boston, MA 02118	(null)	State	(null)	Consulting	(null)	consulting, branding, marketing	www.protobrand.com/	0	(null)
3	Chadwick Martin Bailey	(null)	(null)	179 South Street, Boston, MA 02111	(null)	State	(null)	Consulting	(null)	consulting, branding, solutions, marketing	www.cmbinfo.com/	0	(null)
3	Urbackyard.com	(null)	(null)	243 Victory Road, Quincy, MA 02171 	(null)	State	(null)	Website	(null)	website, consulting, marketing, promotions	urbackyard.com/	0	(null)
3	King Fish Media	(null)	(null)	27 Congress Street, Salem, MA 01915	(null)	State	(null)	Marketing	(null)	marketing, consulting, publishing, solutions	www.kingfishmedia.com/	0	(null)
3	HALO Branded Solutions	(null)	(null)	Marblehead, MA	(null)	State	(null)	Marketing	(null)	consulting, branding, business, products, marketing	www.fosterspromo.com/	0	(null)
3	Boston Web Developer	(null)	(null)	21 Rose Street, Revere, MA 02151	(null)	State	(null)	Web Design	(null)	web design, web development, consulting, marketing	www.bostonwebdeveloper.com/	0	(null)
3	PR Guy	(null)	(null)	34 Melrose Street #3, Boston, MA 02116	(null)	State	(null)	Public Relations	(null)	public relations, PR, consulting, branding	www.prguyonline.com/	0	(null)
3	BOND	(null)	(null)	145 Spring Street, Everett, MA 02149	(null)	State	(null)	Contractor	(null)	contractor, building, construction, facilites, management	www.bondbrothers.com/	0	(null)
3	W.T. Rich Company	(null)	(null)	29 Crafts Street, Ste. 300, Newton, MA 02458	(null)	State	(null)	Contractor	(null)	contractor, construction, renovation, restoration	wtrich.com/	0	(null)
3	Greater Boston Plumbing and Heating	(null)	(null)	P.O. Box 152, Quincy, MA 02171	(null)	State	(null)	Plumber	(null)	plumber, heating	www.greaterbostonplumbingheating.com/	0	(null)
3	H & H Builders	(null)	(null)	149 Buttonwood Street, Dorchester, MA 02125	(null)	State	(null)	Contractor	(null)	contractor, construction, building, renovation, design	www.hhbuilders.com/	0	(null)
3	F.H. Perry, Builder	(null)	(null)	90 Elm Street, Hopkinton, MA 01748	(null)	State	(null)	Contractor	(null)	contractor, construction, building, renovation	www.fhperry.com/	0	(null)
3	O'Brien & Levine Court Reporting	(null)	(null)	195 State Street, Floor 5, Boston, MA 02109	(null)	State	(null)	Court Reporting	(null)	court reporting	www.court-reporting.com/	0	(null)
3	Massachusetts Bay Lines	(null)	(null)	60 Rowes Wharf, Boston, MA 02110	(null)	State	(null)	Cruise	(null)	cruise, boat, excursion, whale watching, music	www.massbaylines.com/	0	(null)
3	Boston's Best Cruises	(null)	(null)	116 East Howard Street, Quincy, MA 02169	(null)	State	(null)	Cruise	(null)	cruise, boats, excursion, whale watching	www.bostonsbestcruises.com/	0	(null)
3	Smileboston	(null)	(null)	1180 Beacon Street, Ste. 2B, Boston, MA 02446	(null)	State	(null)	Dentist	(null)	dentist, cosmetic, implant	www.smileboston.com/	0	(null)
3	Harron & Associates	(null)	(null)	229 Berkeley Street, Boston, MA 02116	(null)	State	(null)	Public Relations	(null)	public relations, marketing, event planning	www.harronandassociates.com/	0	(null)
3	Carol McKean Events	(null)	(null)	48 Valley Beach Avenue, Ste. Two, Hull, MA 02045	(null)	State	(null)	Event Planning	(null)	event planning	www.carolmckeanevents.com/	0	(null)
3	The Castle Group	(null)	(null)	38 Third Avenue, Flr. 2 Charlestown Navy Yard, Boston, MA 02129	(null)	State	(null)	Public Relations	(null)	public relations, event planning, social media	www.thecastlegrp.com/	0	(null)
3	Blue Sky Sports & Entertainment	(null)	(null)	150 Washington St	Norwell	State	United States	Event Planning	(null)	event planning, speakers, appearances	www.blueskyse.com/	0	Admired
3	BudiBar	(null)	(null)	404 Marlborough St. Suite 400, Boston, MA 02115	(null)	State	(null)	Foods	(null)	food, nutrition, bar, health	budibar.com/	0	(null)
3	James Hook & Co.	(null)	(null)	15-17 Northern Avenue, Boston, MA 02210	(null)	State	(null)	Foods	(null)	food, lobster, retail, wholesale	www.jameshooklobster.com/	0	(null)
3	Costas Provisions	(null)	(null)	255 Southampton Street, Boston, MA 02118	(null)	State	(null)	Foods	(null)	food, service, distribution	www.costasprov.com/	0	(null)
3	Wheelhouse 360	(null)	(null)	355 Dover Road, Westwood, MA 02090	(null)	State	(null)	Graphic Design	(null)	graphic, design, website, marketing	wheelhouse360.com/	0	(null)
3	Sir Speedy	(null)	(null)	1 Milk Street, Boston, MA 02108	(null)	State	(null)	Copy and Print	(null)	copy, print, graphic, design, stationary, newsletters	www.sirspeedyboston.com/	0	(null)
3	SJ Design	(null)	(null)	151 Townsend Street, Boston, MA 02121	(null)	State	(null)	Graphic Design	(null)	graphic, design, website, marketing	www.sjdsgn.com/	0	(null)
3	Reliable Shade & Screen	(null)	(null)	686 Massachusetts Avenue, Cambridge, MA 02139	(null)	State	(null)	Home Furnishings	(null)	home, furnishings, window, shade, screen	www.reliableshadeandscreen.com/	0	(null)
3	Woods Hole Passage Bed and Breakfast	(null)	(null)	186 Woods Hole Road Falmouth, MA 02540	(null)	State	(null)	Bed and Breakfast	(null)	bed and breakfast, hotel, motel, lodging, historic	www.woodsholepassage.com/	0	(null)
3	The Margate Resort	(null)	(null)	76 Lake Street, Laconia, NH 03246	(null)	State	(null)	Hotel	(null)	hotel, lodging, resort, lakefront	www.themargate.com/	0	(null)
3	McClintock Enterprises of Boston	(null)	(null)	45 Lincoln Street, Norwood, MA 02062	(null)	State	(null)	Information Services and Systems	(null)	data, collection, services, supplies, solutions, RFID	www.meboston.com/	0	(null)
3	Mohansic Golf Course	ImageCogNameObjects/3/3__fullsize_20120828125646.jpeg	ImageCogNameObjects/3/3__thumb_20120828125646.jpeg	1500 Baldwin Road, Yorktown Heights, NY 10598	(null)	State	(null)	Golf Course	(null)	golf	(null)	1	(null)
(null)	test123	(null)	(null)	(null)	any	State	United States	any	(null)	(null)	(null)	(null)	Admired
20	myiphone	(null)	(null)	227 E 88th st	New York	State	United States	iphone accessories	take off on iphone name	(null)	(null)	(null)	Owned
20	pzsports	(null)	(null)	227 E 88th st	New York	State	United States	sports instruction	my initials	(null)	(null)	(null)	Owned
24	Fenway Golf	/ImageCogNameObjects/24/24_1_fullsize_20130128143322.png	(null)	Allen Street	East Longmeadow	State	United States	Golf Course	(null)	Golf, Miniature Golf, Batting Cages, Ice Cream, Food	www.fenwaygolf.com	(null)	Admired
28	Meteorix	/ImageCogNameObjects/28/28_1_fullsize_20130131091725.jpg	(null)	260 Franklin St	Boston	State	United States	Consulting	(null)	cloud, SaaS, Workday	www.meteorix.com	(null)	Admired
28	Workday	/ImageCogNameObjects/28/28_1_fullsize_20130131091954.png	(null)	1 Workday Way	Pleasonton	State	United States	Software	(null)	SaaS, IT, HR, Finance	www.workday.com	(null)	Admired
4	Tavern in the Square	(null)	(null)	(null)	Boston Area	State	United States	Restaurant/Bar	(null)	bar, restaurant	http://www.taverninthesquare.com/	(null)	Admired
43	JOB WELL DONE	(null)	(null)	4027 J ST	Philadelphia	State	United States	CONSTRUCTION	(null)	JOB WELL DONE GETS THE JOB DONE WELL	(null)	(null)	Owned
43	RAFFLETHON	(null)	(null)	4027 J ST	Philadelphia	State	United States	RAFFLE TICKETS/ ONLINE RAFFLE	RAFFLE MARATHON	(null)	RAFFLETHON.COM	(null)	Owned
45	No Sweat	(null)	(null)	255 w. brangus way	san tan valley	State	United States	Headband buisness	meaning easy	Headbands,Wrist bands.	(null)	1	Owned
46	Crazy Killa Cupcakes	/ImageCogNameObjects/46/46_1_fullsize_20130316133856.jpg	(null)	7 Culham Trail	Wasaga Beach	State	Canada	Baking	Flavorful Cupcakes	A Punch of Flavor in Every Bite!	www.crazykillacupcakes.com	2	Owned
49	Linrich	(null)	(null)	109 Village Dr	Garden City	State	United States	sales representative and distribution	(null)	(null)	(null)	(null)	Owned
50	Fine Line Golf	(null)	(null)	327 Flat Rock Place	Monterey	State	United States	Golg Accessories	A very true golf stroke	Golf Accessories	(null)	(null)	Owned
51	Clouds of Analog Music	(null)	(null)	302-125 Keith Rd West.	North Vancouver	State	Canada	Music Company	Derived from band.	(null)	www.cloudsofanalog.com	(null)	Owned
53	NRG MUSIC a.v.p	(null)	(null)	Gandijeva 44/69	Belgrade 	State	Serbia-Montenegro	Record Label & Music Studio	Energy Music Audio-Video Production	Additional phone number - (850)630-6432
Owned by Brianna Morrison and Sasa Mandaric American and Serbian record label	www.nrgmusicstudio.tk 	(null)	Owned
54	NutriSlim	(null)	(null)	3065 Lakeview Cove Rd	West Kelowna	State	Canada	weight loss business	Means a nutritional whole foods eating plan to wellness and weight loss... not a supplement!	(null)	www.NutriSlim.ca	(null)	Owned
55	Faith MCS Production	(null)	(null)	Gandijeva 44/69	Belgrade	State	Serbia-Montenegro	Record Label	Faith Modern Christian Sound Production	Selling music and albums	www.faithmcs.tk	(null)	Owned
57	Accounting & Tax Solutions	(null)	(null)	300 - 9220 17th Ave SE	Calgary	State	Canada	Accounting and Tax submissions	type of business	(null)	(null)	(null)	Owned
58	Paws N Claws Pet Shop	(null)	(null)	(null)	three hills	State	Canada	pet store	(null)	(null)	(null)	(null)	Owned
60	anti	(null)	(null)	(null)	glyfada	State	Greece	olive oil products	(null)	(null)	(null)	(null)	Owned
59	julius Muller	(null)	(null)	52 vermeer Drive	Upper Holland	State	United States	realestate investing	real estate	(null)	www.hometownvestors.com	(null)	Admired
59	hometownvestors	(null)	(null)	52 vermeer Drive	Upper Holland	State	United States	real estate	real estate	(null)	(null)	(null)	Owned
65	Taste of Heaven	(null)	(null)	4425 4th St	Lubbock	State	United States	Catering	home style desserts and finger foods	(null)	(null)	(null)	Owned
67	courtneyfamilyfarms	(null)	(null)	(null)	east bridgewater	State	United States	farming	(null)	(null)	(null)	(null)	Owned
68	Saporem Catering	(null)	(null)	339-46 Ave SW	Calgary	State	Canada	Catering business	Latin for flavour	(null)	(null)	(null)	Admired
70	Daniel Cleaning Service	(null)	(null)	po box 130	michigan city	State	United States	cleaning service	none	(null)	none	(null)	Owned
72	Done Right	(null)	(null)	5402 s 49th st	omaha	State	United States	house restoration	cleaning	(null)	(null)	(null)	Owned
74	Green is Better Lawn Care	(null)	(null)	(null)	Hamden	State	United States	Personalized Lawn Care and Maintenance	(null)	(null)	greenisbetterlc.webs.com	1	Owned
75	Snaps Events	/ImageCogNameObjects/75/75_1_fullsize_20130415054735.JPG	(null)	(null)	Timmins	State	Canada	Event Planning Service	(null)	(null)	(null)	(null)	Owned
76	THOR Group	(null)	(null)	733902 McCready Line	Burgessville	State	Canada	equipment rental	The Home Owner's Rental Group	THOR Financial	(null)	(null)	Owned
77	Limitless Treasures	(null)	(null)	po box 442	wooster	State	United States	thrift store	buy,sell,trade used murchandise	(null)	(null)	(null)	Owned
78	Yool Group	(null)	(null)	809 Gehring Drive	Kernersville	State	United States	Consulting	Year Of Our Lord	(null)	(null)	(null)	Owned
69	CM Software	(null)	(null)	(null)	Somerville	State	United States	Software	personal name	(null)	twitter.com/RationalCarl	1	Owned
(null)	AOD JEWELERS	(null)	(null)	5205 hunting ridge rd nw 	wilson	State	United States	Amador Old  Dominion Jewelers.	(null)	(null)	(null)	(null)	Owned
102	escape 21 entertainment	/ImageCogNameObjects/102/102_1_fullsize_20130820161406.JPG	(null)	(null)	Not Available	State	United States	record label and studio	From a foreign music producer and passion for music 	(null)	(null)	(null)	Owned
102	Club La Vera	(null)	(null)	(null)	Panama City	State	United States	Night Club	Came from a place in the city I live in and a book	Christen Vayne, dj Erin, Club La Vera, Florida, dance floor, nightclub	http://kristianlswift.wix.com/club-la-vera	(null)	Owned
103	qula kwedini	(null)	(null)	44390 Makhaza khayelitsha cape town 7784	cape town	State	South Africa	sport	Stick fighting federation	(null)	facebook page. Qula Kwedini	(null)	Owned
106	Sassy Bee Boutique	(null)	(null)	905 Lorain Ave	Durham 	State	United States	Retail	Bold woman	(null)	(null)	1	Owned
106	Sassy Ambition	(null)	(null)	905 Lorain Ave	Durham	State	United States	Party Promotor	(null)	(null)	(null)	(null)	Owned
106	Ambitious Boutique	(null)	(null)	905 Lorain Ave	Durham	State	United States	Retail	(null)	(null)	(null)	(null)	Owned
107	JD Evolutions	(null)	(null)	(null)	Spring	State	United States	Consulting	(null)	(null)	(null)	(null)	Owned
108	SMB Communication Solutions Ltd	(null)	(null)	193, 51049 RR 214	Sherwood Park	State	Canada	IT and telecommunications	(null)	(null)	(null)	(null)	Owned
112	thaluca	(null)	(null)	4194 mbokodo maseko street	witbank	State	South Africa	investment	Zulu 	(null)	(null)	(null)	Owned
116	Nutley Power Wash	(null)	(null)	30 jefferson st	nutley	State	United States	powerwashing	(null)	(null)	nutleypowerwash.com	(null)	Owned
117	SmartChoice Mobile Notary	/ImageCogNameObjects/117/117_1_fullsize_20131023145437.jpg	(null)	309 Crayford Place 	Valrico	State	United States	Notary	(null)	(null)	smartchoicemobilenotaryservices.zohosites.com	(null)	Owned
118	Charmbeads Memories	(null)	(null)	PO BOX 0454	CAROLINA	State	United States	Retail	jewelry charms, beads, create memories	domain with godaddy	www.charmbeadsmemories.com	(null)	Owned
119	moore electric	(null)	(null)	10 valleyview ave 	mt pearl nfld	State	Canada	electric work	from my last name	(null)	(null)	(null)	Owned
121	TERESA HERNANDEZ DAY CARE	(null)	(null)	1104 MADISON ST	WENATCHEE	State	United States	DAY CARE 	(null)	(null)	(null)	(null)	Owned
125	Acorn Soap Co.	(null)	(null)	 Route 590	Greeley	State	United States	Production and Retail	(null)	(null)	(null)	(null)	Owned
125	Acorn Acres Farm	(null)	(null)	(null)	Greeley	State	United States	Farm	(null)	(null)	(null)	(null)	Owned
127	Save our Pit Bulls	/ImageCogNameObjects/127/127_1_fullsize_20131124060206.jpg	(null)	1031 Wilsham Dr	San Jose	State	United States	Non profit	Being the voice of our Pit Bulls	(null)	(null)	2	Owned
129	More Money Enterprises LLC	(null)	(null)	307 Greylock Parkway	Belleville	State	United States	Investments, Real Estate	The name emphasizes the goal of the business; to provide clients and investors with more of a return for his or her money invested.	(null)	(null)	(null)	Owned
